<?xml version="1.0" encoding="UTF-8"?>
<rss version="2.0">
	<channel>
		<title>Онлайн-школа музыки Алишера Моргеншетрна Kaif Music School </title>
		<link>https://kaifmusic.school</link>
		<description>Уроки музыки с кайфовыми музыкантами. Онлайн-курсы гитары, битмейкинга, ударных, звукорежиссуры и организации концертов. </description>
		<pubDate>Wed, 31 Aug 2022 19:16:00 GMT</pubDate>
		<generator>Tilda Publishing</generator>
		<item><title>thanks_beatmaking</title><link>https://kaifmusic.school/thanks_beatmaking</link><pubDate>Wed, 31 Aug 2022 19:16:00 GMT</pubDate><guid>https://kaifmusic.school/thanks_beatmaking</guid><enclosure url="https://static.tildacdn.com/tild3661-3431-4832-b362-373961346635/_.jpg" type="image/jpeg" /></item>
		<item><title>thanks_djing</title><link>https://kaifmusic.school/thanks_djing</link><pubDate>Wed, 31 Aug 2022 19:14:00 GMT</pubDate><guid>https://kaifmusic.school/thanks_djing</guid><enclosure url="https://static.tildacdn.com/tild3661-3431-4832-b362-373961346635/_.jpg" type="image/jpeg" /></item>
		<item><title>thanks_sound_engineering</title><link>https://kaifmusic.school/thanks_sound_engineering</link><pubDate>Wed, 31 Aug 2022 19:12:00 GMT</pubDate><guid>https://kaifmusic.school/thanks_sound_engineering</guid><enclosure url="https://static.tildacdn.com/tild3661-3431-4832-b362-373961346635/_.jpg" type="image/jpeg" /></item>
		<item><title>Дубль главной</title><link>https://kaifmusic.school/1</link><pubDate>Fri, 25 Feb 2022 07:12:00 GMT</pubDate><guid>https://kaifmusic.school/1</guid><enclosure url="https://static.tildacdn.com/tild6135-3335-4530-b466-386133376630/photo.png" type="image/png" /></item>
		<item><title>Blank page</title><link>https://kaifmusic.school/page25812154.html</link><pubDate>Mon, 21 Feb 2022 08:34:26 GMT</pubDate><guid>https://kaifmusic.school/page25812154.html</guid></item>
		<item><title>BACKUP РАБОЧАЯ СТРАНИЦА</title><link>https://kaifmusic.school/backup2</link><pubDate>Sun, 20 Feb 2022 09:16:00 GMT</pubDate><guid>https://kaifmusic.school/backup2</guid></item>
		<item><title>Тесты багов</title><link>https://kaifmusic.school/bugtester</link><pubDate>Thu, 17 Feb 2022 04:25:00 GMT</pubDate><guid>https://kaifmusic.school/bugtester</guid></item>
		<item><title>Старая версия сайта</title><link>https://kaifmusic.school/2</link><pubDate>Fri, 23 Jul 2021 15:28:00 GMT</pubDate><guid>https://kaifmusic.school/2</guid><enclosure url="https://static.tildacdn.com/tild6533-3535-4336-a462-336266396232/KAIF_MUSIC_SCHOOL.png" type="image/png" /></item>
		<item><title>Тарифы</title><link>https://kaifmusic.school/tarif</link><pubDate>Thu, 17 Feb 2022 18:32:00 GMT</pubDate><guid>https://kaifmusic.school/tarif</guid></item>
		<item><title>Политика конфиденциальности </title><link>https://kaifmusic.school/privacy</link><description>Соглашение об обработке персональных данных</description><pubDate>Sat, 31 Jul 2021 12:09:00 GMT</pubDate><guid>https://kaifmusic.school/privacy</guid></item>
		<item><title>Гитарный курс гитариста MORGENSHTERN Артура Матура</title><link>https://kaifmusic.school/</link><description>Уроки гитары. Авторский курс Артура Матура. Обучайся игре на гитаре с кайфом!</description><pubDate>Mon, 14 Feb 2022 03:38:00 GMT</pubDate><guid>https://kaifmusic.school/</guid><enclosure url="https://static.tildacdn.com/tild6135-3335-4530-b466-386133376630/photo.png" type="image/png" /></item>
</channel></rss>